[{"model": "admin.logentry", "pk": 1, "fields": {"action_time": "2023-09-28T09:45:37.265Z", "user": 1, "content_type": 4, "object_id": "2", "object_repr": "goa", "action_flag": 1, "change_message": "[{\"added\": {}}]"}}, {"model": "admin.logentry", "pk": 2, "fields": {"action_time": "2023-09-28T09:45:39.158Z", "user": 1, "content_type": 7, "object_id": "1", "object_repr": "goa", "action_flag": 1, "change_message": "[{\"added\": {}}]"}}, {"model": "admin.logentry", "pk": 3, "fields": {"action_time": "2023-09-28T09:48:20.364Z", "user": 1, "content_type": 4, "object_id": "3", "object_repr": "kerala", "action_flag": 1, "change_message": "[{\"added\": {}}]"}}, {"model": "admin.logentry", "pk": 4, "fields": {"action_time": "2023-09-28T09:48:22.196Z", "user": 1, "content_type": 7, "object_id": "2", "object_repr": "kerala", "action_flag": 1, "change_message": "[{\"added\": {}}]"}}, {"model": "admin.logentry", "pk": 5, "fields": {"action_time": "2023-09-28T09:48:45.903Z", "user": 1, "content_type": 4, "object_id": "4", "object_repr": "karnataka", "action_flag": 1, "change_message": "[{\"added\": {}}]"}}, {"model": "admin.logentry", "pk": 6, "fields": {"action_time": "2023-09-28T09:48:47.157Z", "user": 1, "content_type": 7, "object_id": "3", "object_repr": "karnataka", "action_flag": 1, "change_message": "[{\"added\": {}}]"}}, {"model": "admin.logentry", "pk": 7, "fields": {"action_time": "2023-09-28T09:49:35.132Z", "user": 1, "content_type": 8, "object_id": "1", "object_repr": "Egrantz", "action_flag": 1, "change_message": "[{\"added\": {}}]"}}, {"model": "admin.logentry", "pk": 8, "fields": {"action_time": "2023-09-28T09:49:55.340Z", "user": 1, "content_type": 8, "object_id": "2", "object_repr": "fisheries", "action_flag": 1, "change_message": "[{\"added\": {}}]"}}, {"model": "admin.logentry", "pk": 9, "fields": {"action_time": "2023-09-28T10:53:02.035Z", "user": 1, "content_type": 12, "object_id": "1", "object_repr": "Notification for shivam23@yopmail.com's Application for Egrantz", "action_flag": 2, "change_message": "[{\"changed\": {\"fields\": [\"Message\", \"Is read\"]}}]"}}, {"model": "admin.logentry", "pk": 10, "fields": {"action_time": "2023-09-28T10:53:14.378Z", "user": 1, "content_type": 12, "object_id": "1", "object_repr": "Notification for shivam23@yopmail.com's Application for Egrantz", "action_flag": 2, "change_message": "[{\"changed\": {\"fields\": [\"Message\", \"Is read\"]}}]"}}, {"model": "admin.logentry", "pk": 11, "fields": {"action_time": "2023-09-28T11:06:06.047Z", "user": 1, "content_type": 12, "object_id": "3", "object_repr": "Notification for shivam23@yopmail.com's Application for Egrantz", "action_flag": 3, "change_message": ""}}, {"model": "admin.logentry", "pk": 12, "fields": {"action_time": "2023-09-28T11:06:11.765Z", "user": 1, "content_type": 12, "object_id": "2", "object_repr": "Notification for shivam23@yopmail.com's Application for Egrantz", "action_flag": 3, "change_message": ""}}, {"model": "admin.logentry", "pk": 13, "fields": {"action_time": "2023-09-28T11:09:09.466Z", "user": 1, "content_type": 12, "object_id": "1", "object_repr": "Notification for shivam23@yopmail.com's Application for Egrantz", "action_flag": 2, "change_message": "[]"}}, {"model": "admin.logentry", "pk": 14, "fields": {"action_time": "2023-09-28T12:36:56.203Z", "user": 1, "content_type": 12, "object_id": "5", "object_repr": "Notification for beatus@b.com's Application for Egrantz", "action_flag": 3, "change_message": ""}}, {"model": "admin.logentry", "pk": 15, "fields": {"action_time": "2023-09-28T12:36:56.213Z", "user": 1, "content_type": 12, "object_id": "4", "object_repr": "Notification for eric78@yopmail.com's Application for Egrantz", "action_flag": 3, "change_message": ""}}, {"model": "admin.logentry", "pk": 16, "fields": {"action_time": "2023-09-28T12:36:56.217Z", "user": 1, "content_type": 12, "object_id": "1", "object_repr": "Notification for shivam23@yopmail.com's Application for Egrantz", "action_flag": 3, "change_message": ""}}, {"model": "admin.logentry", "pk": 17, "fields": {"action_time": "2023-09-28T12:37:09.949Z", "user": 1, "content_type": 11, "object_id": "3", "object_repr": "beatus@b.com's Application for Egrantz", "action_flag": 3, "change_message": ""}}, {"model": "admin.logentry", "pk": 18, "fields": {"action_time": "2023-09-28T12:37:09.959Z", "user": 1, "content_type": 11, "object_id": "2", "object_repr": "eric78@yopmail.com's Application for Egrantz", "action_flag": 3, "change_message": ""}}, {"model": "admin.logentry", "pk": 19, "fields": {"action_time": "2023-09-28T12:37:09.962Z", "user": 1, "content_type": 11, "object_id": "1", "object_repr": "shivam23@yopmail.com's Application for Egrantz", "action_flag": 3, "change_message": ""}}, {"model": "admin.logentry", "pk": 20, "fields": {"action_time": "2023-09-28T12:39:26.785Z", "user": 1, "content_type": 11, "object_id": "5", "object_repr": "beatus@b.com's Application for fisheries", "action_flag": 3, "change_message": ""}}, {"model": "admin.logentry", "pk": 21, "fields": {"action_time": "2023-09-28T12:39:26.789Z", "user": 1, "content_type": 11, "object_id": "4", "object_repr": "beatus@b.com's Application for Egrantz", "action_flag": 3, "change_message": ""}}, {"model": "auth.permission", "pk": 1, "fields": {"name": "Can add log entry", "content_type": 1, "codename": "add_logentry"}}, {"model": "auth.permission", "pk": 2, "fields": {"name": "Can change log entry", "content_type": 1, "codename": "change_logentry"}}, {"model": "auth.permission", "pk": 3, "fields": {"name": "Can delete log entry", "content_type": 1, "codename": "delete_logentry"}}, {"model": "auth.permission", "pk": 4, "fields": {"name": "Can view log entry", "content_type": 1, "codename": "view_logentry"}}, {"model": "auth.permission", "pk": 5, "fields": {"name": "Can add permission", "content_type": 2, "codename": "add_permission"}}, {"model": "auth.permission", "pk": 6, "fields": {"name": "Can change permission", "content_type": 2, "codename": "change_permission"}}, {"model": "auth.permission", "pk": 7, "fields": {"name": "Can delete permission", "content_type": 2, "codename": "delete_permission"}}, {"model": "auth.permission", "pk": 8, "fields": {"name": "Can view permission", "content_type": 2, "codename": "view_permission"}}, {"model": "auth.permission", "pk": 9, "fields": {"name": "Can add group", "content_type": 3, "codename": "add_group"}}, {"model": "auth.permission", "pk": 10, "fields": {"name": "Can change group", "content_type": 3, "codename": "change_group"}}, {"model": "auth.permission", "pk": 11, "fields": {"name": "Can delete group", "content_type": 3, "codename": "delete_group"}}, {"model": "auth.permission", "pk": 12, "fields": {"name": "Can view group", "content_type": 3, "codename": "view_group"}}, {"model": "auth.permission", "pk": 13, "fields": {"name": "Can add user", "content_type": 4, "codename": "add_user"}}, {"model": "auth.permission", "pk": 14, "fields": {"name": "Can change user", "content_type": 4, "codename": "change_user"}}, {"model": "auth.permission", "pk": 15, "fields": {"name": "Can delete user", "content_type": 4, "codename": "delete_user"}}, {"model": "auth.permission", "pk": 16, "fields": {"name": "Can view user", "content_type": 4, "codename": "view_user"}}, {"model": "auth.permission", "pk": 17, "fields": {"name": "Can add content type", "content_type": 5, "codename": "add_contenttype"}}, {"model": "auth.permission", "pk": 18, "fields": {"name": "Can change content type", "content_type": 5, "codename": "change_contenttype"}}, {"model": "auth.permission", "pk": 19, "fields": {"name": "Can delete content type", "content_type": 5, "codename": "delete_contenttype"}}, {"model": "auth.permission", "pk": 20, "fields": {"name": "Can view content type", "content_type": 5, "codename": "view_contenttype"}}, {"model": "auth.permission", "pk": 21, "fields": {"name": "Can add session", "content_type": 6, "codename": "add_session"}}, {"model": "auth.permission", "pk": 22, "fields": {"name": "Can change session", "content_type": 6, "codename": "change_session"}}, {"model": "auth.permission", "pk": 23, "fields": {"name": "Can delete session", "content_type": 6, "codename": "delete_session"}}, {"model": "auth.permission", "pk": 24, "fields": {"name": "Can view session", "content_type": 6, "codename": "view_session"}}, {"model": "auth.permission", "pk": 25, "fields": {"name": "Can add state", "content_type": 7, "codename": "add_state"}}, {"model": "auth.permission", "pk": 26, "fields": {"name": "Can change state", "content_type": 7, "codename": "change_state"}}, {"model": "auth.permission", "pk": 27, "fields": {"name": "Can delete state", "content_type": 7, "codename": "delete_state"}}, {"model": "auth.permission", "pk": 28, "fields": {"name": "Can view state", "content_type": 7, "codename": "view_state"}}, {"model": "auth.permission", "pk": 29, "fields": {"name": "Can add scholarship", "content_type": 8, "codename": "add_scholarship"}}, {"model": "auth.permission", "pk": 30, "fields": {"name": "Can change scholarship", "content_type": 8, "codename": "change_scholarship"}}, {"model": "auth.permission", "pk": 31, "fields": {"name": "Can delete scholarship", "content_type": 8, "codename": "delete_scholarship"}}, {"model": "auth.permission", "pk": 32, "fields": {"name": "Can view scholarship", "content_type": 8, "codename": "view_scholarship"}}, {"model": "auth.permission", "pk": 33, "fields": {"name": "Can add institution user", "content_type": 9, "codename": "add_institutionuser"}}, {"model": "auth.permission", "pk": 34, "fields": {"name": "Can change institution user", "content_type": 9, "codename": "change_institutionuser"}}, {"model": "auth.permission", "pk": 35, "fields": {"name": "Can delete institution user", "content_type": 9, "codename": "delete_institutionuser"}}, {"model": "auth.permission", "pk": 36, "fields": {"name": "Can view institution user", "content_type": 9, "codename": "view_institutionuser"}}, {"model": "auth.permission", "pk": 37, "fields": {"name": "Can add student", "content_type": 10, "codename": "add_student"}}, {"model": "auth.permission", "pk": 38, "fields": {"name": "Can change student", "content_type": 10, "codename": "change_student"}}, {"model": "auth.permission", "pk": 39, "fields": {"name": "Can delete student", "content_type": 10, "codename": "delete_student"}}, {"model": "auth.permission", "pk": 40, "fields": {"name": "Can view student", "content_type": 10, "codename": "view_student"}}, {"model": "auth.permission", "pk": 41, "fields": {"name": "Can add scholarship application", "content_type": 11, "codename": "add_scholarshipapplication"}}, {"model": "auth.permission", "pk": 42, "fields": {"name": "Can change scholarship application", "content_type": 11, "codename": "change_scholarshipapplication"}}, {"model": "auth.permission", "pk": 43, "fields": {"name": "Can delete scholarship application", "content_type": 11, "codename": "delete_scholarshipapplication"}}, {"model": "auth.permission", "pk": 44, "fields": {"name": "Can view scholarship application", "content_type": 11, "codename": "view_scholarshipapplication"}}, {"model": "auth.permission", "pk": 45, "fields": {"name": "Can add scholarship application notification", "content_type": 12, "codename": "add_scholarshipapplicationnotification"}}, {"model": "auth.permission", "pk": 46, "fields": {"name": "Can change scholarship application notification", "content_type": 12, "codename": "change_scholarshipapplicationnotification"}}, {"model": "auth.permission", "pk": 47, "fields": {"name": "Can delete scholarship application notification", "content_type": 12, "codename": "delete_scholarshipapplicationnotification"}}, {"model": "auth.permission", "pk": 48, "fields": {"name": "Can view scholarship application notification", "content_type": 12, "codename": "view_scholarshipapplicationnotification"}}, {"model": "auth.group", "pk": 1, "fields": {"name": "Institution", "permissions": []}}, {"model": "auth.group", "pk": 2, "fields": {"name": "Student", "permissions": []}}, {"model": "auth.user", "pk": 1, "fields": {"password": "pbkdf2_sha256$600000$iWhlOJYLVxWdnThleYoGQZ$O9Qp1DJR1pxwxeGocfOYm0I3eLbxAOtd9bK3os0H/QE=", "last_login": "2023-09-28T12:42:18.039Z", "is_superuser": true, "username": "admin", "first_name": "", "last_name": "", "email": "ad@ns.com", "is_staff": true, "is_active": true, "date_joined": "2023-09-28T09:44:43.704Z", "groups": [], "user_permissions": []}}, {"model": "auth.user", "pk": 2, "fields": {"password": "pbkdf2_sha256$600000$i8ftmvzQGhMY1DnwaxCQgN$DA0UtFAvM2zSgtYSTdIUyeEXfiISfv21ZhZwKTN7jjw=", "last_login": null, "is_superuser": false, "username": "goa", "first_name": "", "last_name": "", "email": "", "is_staff": false, "is_active": true, "date_joined": "2023-09-28T09:45:37.079Z", "groups": [], "user_permissions": []}}, {"model": "auth.user", "pk": 3, "fields": {"password": "pbkdf2_sha256$600000$fYUKsWEioGLD4cnDkR5c2e$jODqDDvFqaaJmzKGRFlDDZ8tXBFLcEatQG+Pu+dN8mA=", "last_login": "2023-09-28T13:20:17.994Z", "is_superuser": false, "username": "kerala", "first_name": "", "last_name": "", "email": "", "is_staff": false, "is_active": true, "date_joined": "2023-09-28T09:48:20.176Z", "groups": [], "user_permissions": []}}, {"model": "auth.user", "pk": 4, "fields": {"password": "pbkdf2_sha256$600000$WmTd0Iim7G2ViBFHZe7j3X$Wt7wNhBgNV5aQkbpvVXfpWh0HUYGJO6qJLcxlJZnmaU=", "last_login": null, "is_superuser": false, "username": "karnataka", "first_name": "", "last_name": "", "email": "", "is_staff": false, "is_active": true, "date_joined": "2023-09-28T09:48:45.713Z", "groups": [], "user_permissions": []}}, {"model": "auth.user", "pk": 5, "fields": {"password": "pbkdf2_sha256$600000$hSVGRnn4hZCTNzKAcV02vZ$qJTw/rq+yDLMSM9cRMMqmbJYFIs2cwpJEtRFs+6nWBY=", "last_login": null, "is_superuser": false, "username": "christ", "first_name": "", "last_name": "", "email": "", "is_staff": false, "is_active": true, "date_joined": "2023-09-28T09:53:20.443Z", "groups": [1], "user_permissions": []}}, {"model": "auth.user", "pk": 6, "fields": {"password": "pbkdf2_sha256$600000$vAQi9cPwW1KHKHWZbOFnVz$QTkLt8bReeHQr+1ce2vK/sTSocOoPAXfa78G1pFbxLo=", "last_login": "2023-09-28T13:19:13.950Z", "is_superuser": false, "username": "alosy", "first_name": "", "last_name": "", "email": "", "is_staff": false, "is_active": true, "date_joined": "2023-09-28T09:53:52.971Z", "groups": [1], "user_permissions": []}}, {"model": "auth.user", "pk": 7, "fields": {"password": "pbkdf2_sha256$600000$DeJ3O3MMcKxWgTdKChGi43$9l3VZVUnp26A8X04WfNsFMPGc4kt0Ew0gkLG03aq11w=", "last_login": null, "is_superuser": false, "username": "cectl", "first_name": "", "last_name": "", "email": "", "is_staff": false, "is_active": true, "date_joined": "2023-09-28T09:54:20.216Z", "groups": [1], "user_permissions": []}}, {"model": "auth.user", "pk": 8, "fields": {"password": "pbkdf2_sha256$600000$R1Tog4IkftKGnrdAn3m6Ox$pUewlkPQ00EQ92foV0o5MOcADq3Aq5BbxSYeaCk7M80=", "last_login": null, "is_superuser": false, "username": "mdl", "first_name": "", "last_name": "", "email": "", "is_staff": false, "is_active": true, "date_joined": "2023-09-28T09:54:57.261Z", "groups": [1], "user_permissions": []}}, {"model": "auth.user", "pk": 9, "fields": {"password": "pbkdf2_sha256$600000$nvNRFOsvKAxvovWChGgyLd$Bss1FCSL0IzI593oufP2kr+DgZCkrdVEbphD5ZIC8Ig=", "last_login": null, "is_superuser": false, "username": "sths", "first_name": "", "last_name": "", "email": "", "is_staff": false, "is_active": true, "date_joined": "2023-09-28T09:55:25.967Z", "groups": [1], "user_permissions": []}}, {"model": "auth.user", "pk": 10, "fields": {"password": "pbkdf2_sha256$600000$2A8ByCAc00QF6bKyXQjHb6$XskeLLfizE2QfXPMRDN0woVwksW/NEVKsx814DNCfLg=", "last_login": "2023-09-28T13:31:28.898Z", "is_superuser": false, "username": "shivam23@yopmail.com", "first_name": "Shivam", "last_name": "", "email": "shivam23@yopmail.com", "is_staff": false, "is_active": true, "date_joined": "2023-09-28T09:56:27.527Z", "groups": [2], "user_permissions": []}}, {"model": "auth.user", "pk": 11, "fields": {"password": "pbkdf2_sha256$600000$AHMrCpeMMFWgaj0rUmVjEr$SBzVzKm7QSIA2eJ3mgfXJ7ohEi6HnkGrdC53gn5Xx+8=", "last_login": "2023-09-28T12:46:24.919Z", "is_superuser": false, "username": "eric78@yopmail.com", "first_name": "Eric", "last_name": "", "email": "eric78@yopmail.com", "is_staff": false, "is_active": true, "date_joined": "2023-09-28T11:50:13.157Z", "groups": [2], "user_permissions": []}}, {"model": "auth.user", "pk": 12, "fields": {"password": "pbkdf2_sha256$600000$KfwKlyTtDpIjM0w3xFGwcD$awEnztaWzkGIZfQS4/9ieouk+Xz4Kc/lBdJIoobId/Y=", "last_login": null, "is_superuser": false, "username": "bill89@yopmail.com", "first_name": "Beatus", "last_name": "", "email": "bill89@yopmail.com", "is_staff": false, "is_active": true, "date_joined": "2023-09-28T12:02:23.726Z", "groups": [2], "user_permissions": []}}, {"model": "auth.user", "pk": 13, "fields": {"password": "pbkdf2_sha256$600000$B0DkV902NUlvwIg1KOn93S$1Nk8Kp/NNvsHX4tLAeYC0ZyID8OBlRKlXPU54KmPuQ8=", "last_login": "2023-09-28T12:40:35.035Z", "is_superuser": false, "username": "beatus@b.com", "first_name": "Steven", "last_name": "", "email": "beatus@b.com", "is_staff": false, "is_active": true, "date_joined": "2023-09-28T12:34:47.608Z", "groups": [2], "user_permissions": []}}, {"model": "contenttypes.contenttype", "pk": 1, "fields": {"app_label": "admin", "model": "logentry"}}, {"model": "contenttypes.contenttype", "pk": 2, "fields": {"app_label": "auth", "model": "permission"}}, {"model": "contenttypes.contenttype", "pk": 3, "fields": {"app_label": "auth", "model": "group"}}, {"model": "contenttypes.contenttype", "pk": 4, "fields": {"app_label": "auth", "model": "user"}}, {"model": "contenttypes.contenttype", "pk": 5, "fields": {"app_label": "contenttypes", "model": "contenttype"}}, {"model": "contenttypes.contenttype", "pk": 6, "fields": {"app_label": "sessions", "model": "session"}}, {"model": "contenttypes.contenttype", "pk": 7, "fields": {"app_label": "state", "model": "state"}}, {"model": "contenttypes.contenttype", "pk": 8, "fields": {"app_label": "state", "model": "scholarship"}}, {"model": "contenttypes.contenttype", "pk": 9, "fields": {"app_label": "inst", "model": "institutionuser"}}, {"model": "contenttypes.contenttype", "pk": 10, "fields": {"app_label": "student", "model": "student"}}, {"model": "contenttypes.contenttype", "pk": 11, "fields": {"app_label": "student", "model": "scholarshipapplication"}}, {"model": "contenttypes.contenttype", "pk": 12, "fields": {"app_label": "student", "model": "scholarshipapplicationnotification"}}, {"model": "sessions.session", "pk": "xsmdgarhqc71b9r7pltxasv2sttpzkxr", "fields": {"session_data": ".eJxVjEEOwiAQRe_C2pABylBcuvcMZBhAqoYmpV0Z765NutDtf-_9lwi0rTVsPS9hSuIsFIjT7xiJH7ntJN2p3WbJc1uXKcpdkQft8jqn_Lwc7t9BpV6_NY5pMM5HDUyMxqtkbRk5OTAaldNZDYA2A7IHqwgQlLE6UzGxFO9AvD_fMzcE:1qlr72:lMavIYvi5polsBcsBUvT54qjrPFnwtheUkQ8eM36VhM", "expire_date": "2023-10-12T13:31:28.903Z"}}, {"model": "state.state", "pk": 1, "fields": {"name": "goa", "user": 2}}, {"model": "state.state", "pk": 2, "fields": {"name": "kerala", "user": 3}}, {"model": "state.state", "pk": 3, "fields": {"name": "karnataka", "user": 4}}, {"model": "state.scholarship", "pk": 1, "fields": {"state": 3, "name": "Egrantz", "eligibility_criteria": "OBC, OEC, SC/ST", "application_deadline": "2023-09-30", "scholarship_amount": "2000.00"}}, {"model": "state.scholarship", "pk": 2, "fields": {"state": 3, "name": "fisheries", "eligibility_criteria": "Fishing communities", "application_deadline": "2023-09-30", "scholarship_amount": "15000.00"}}, {"model": "state.scholarship", "pk": 3, "fields": {"state": 3, "name": "Pragati scholarship", "eligibility_criteria": "girls", "application_deadline": "2023-10-19", "scholarship_amount": "20000.00"}}, {"model": "inst.institutionuser", "pk": 1, "fields": {"user": 5, "institution_name": "Christ Uni", "state": 3, "contact_number": "98292382213", "address": "B'lore", "website": "https://google.com"}}, {"model": "inst.institutionuser", "pk": 2, "fields": {"user": 6, "institution_name": "St Alosyius ITI", "state": 3, "contact_number": "2828838832", "address": "Mangaluru", "website": "https://google.com"}}, {"model": "inst.institutionuser", "pk": 3, "fields": {"user": 7, "institution_name": "College of Engg. Cherthala", "state": 2, "contact_number": "2828838832", "address": "Cherthala", "website": "http://www.cectl.ac.in/"}}, {"model": "inst.institutionuser", "pk": 4, "fields": {"user": 8, "institution_name": "Model Engg. College", "state": 2, "contact_number": "982923822", "address": "Edapally", "website": "http://www.cectl.ac.in/"}}, {"model": "inst.institutionuser", "pk": 5, "fields": {"user": 9, "institution_name": "St Theresa's Candolim", "state": 1, "contact_number": "98388322", "address": "Candolim, Bardez", "website": "https://google.com"}}, {"model": "student.student", "pk": 1, "fields": {"user": 10, "name": "Shivam", "username": "shivam23@yopmail.com", "email": "shivam23@yopmail.com", "contact_number": "98388322", "address": "Vettacakal", "home_state": 2}}, {"model": "student.student", "pk": 2, "fields": {"user": 11, "name": "Eric", "username": "eric78@yopmail.com", "email": "eric78@yopmail.com", "contact_number": "982923822", "address": "Kottayam", "home_state": 2}}, {"model": "student.student", "pk": 3, "fields": {"user": 12, "name": "Beatus", "username": "bill89@yopmail.com", "email": "bill89@yopmail.com", "contact_number": "982923822", "address": "Pernem", "home_state": 2}}, {"model": "student.student", "pk": 4, "fields": {"user": 13, "name": "Steven", "username": "beatus@b.com", "email": "beatus@b.com", "contact_number": "32321244", "address": "Pedne", "home_state": 2}}, {"model": "student.scholarshipapplication", "pk": 6, "fields": {"student": 13, "scholarship": 1, "application_text": "sd", "application_date": "2023-09-28T12:40:41.976Z", "institution": 5}}, {"model": "student.scholarshipapplication", "pk": 7, "fields": {"student": 13, "scholarship": 2, "application_text": "d", "application_date": "2023-09-28T12:40:50.796Z", "institution": 2}}, {"model": "student.scholarshipapplication", "pk": 8, "fields": {"student": 11, "scholarship": 1, "application_text": "a", "application_date": "2023-09-28T12:42:08.920Z", "institution": 2}}, {"model": "student.scholarshipapplication", "pk": 9, "fields": {"student": 11, "scholarship": 1, "application_text": "eee", "application_date": "2023-09-28T12:46:34.277Z", "institution": 2}}, {"model": "student.scholarshipapplication", "pk": 10, "fields": {"student": 10, "scholarship": 2, "application_text": "approve please", "application_date": "2023-09-28T12:48:47.370Z", "institution": 2}}, {"model": "student.scholarshipapplication", "pk": 11, "fields": {"student": 10, "scholarship": 1, "application_text": "plz approve", "application_date": "2023-09-28T12:50:06.894Z", "institution": 2}}, {"model": "student.scholarshipapplication", "pk": 12, "fields": {"student": 10, "scholarship": 3, "application_text": "ss", "application_date": "2023-09-28T13:09:21.751Z", "institution": 2}}, {"model": "student.scholarshipapplication", "pk": 13, "fields": {"student": 10, "scholarship": 2, "application_text": "ss", "application_date": "2023-09-28T13:17:09.901Z", "institution": 2}}, {"model": "student.scholarshipapplicationnotification", "pk": 8, "fields": {"receiver": 9, "sender": 13, "scholarship_application": 6, "message": "", "is_read": false, "timestamp": "2023-09-28T12:40:41.993Z", "approved": false, "rejected": false}}, {"model": "student.scholarshipapplicationnotification", "pk": 9, "fields": {"receiver": 6, "sender": 13, "scholarship_application": 7, "message": "", "is_read": true, "timestamp": "2023-09-28T12:40:50.807Z", "approved": false, "rejected": true}}, {"model": "student.scholarshipapplicationnotification", "pk": 10, "fields": {"receiver": 6, "sender": 11, "scholarship_application": 8, "message": "", "is_read": true, "timestamp": "2023-09-28T12:42:08.925Z", "approved": true, "rejected": false}}, {"model": "student.scholarshipapplicationnotification", "pk": 11, "fields": {"receiver": 6, "sender": 11, "scholarship_application": 9, "message": "", "is_read": true, "timestamp": "2023-09-28T12:46:34.290Z", "approved": true, "rejected": false}}, {"model": "student.scholarshipapplicationnotification", "pk": 12, "fields": {"receiver": 6, "sender": 10, "scholarship_application": 10, "message": "", "is_read": true, "timestamp": "2023-09-28T12:48:47.381Z", "approved": true, "rejected": false}}, {"model": "student.scholarshipapplicationnotification", "pk": 13, "fields": {"receiver": 6, "sender": 10, "scholarship_application": 11, "message": "", "is_read": true, "timestamp": "2023-09-28T12:50:06.902Z", "approved": true, "rejected": false}}, {"model": "student.scholarshipapplicationnotification", "pk": 14, "fields": {"receiver": 6, "sender": 10, "scholarship_application": 12, "message": "Insitiution approved", "is_read": true, "timestamp": "2023-09-28T13:09:21.762Z", "approved": true, "rejected": false}}, {"model": "student.scholarshipapplicationnotification", "pk": 15, "fields": {"receiver": 6, "sender": 10, "scholarship_application": 13, "message": "Insitiution rejected", "is_read": true, "timestamp": "2023-09-28T13:17:09.916Z", "approved": false, "rejected": true}}]
